{
	"Calibration": {
		"Dynamic": {
			"Stereo": {
				"Angle": {
					"Epipolar": 9.7303958403081533e-005,
					"Vergence": 0
				},
				"Left": {
					"Camera": [
						[
							967.59025686735504,
							0,
							0
						],
						[
							0,
							967.59025686735504,
							0
						],
						[
							115.33532536063308,
							394.56512026860639,
							1
						]
					],
					"Rotation": [
						[
							0.99783369813232914,
							0.0027184390085535194,
							-0.065730669865113958
						],
						[
							-0.0027704131437143527,
							0.999995917693007,
							-0.0006995772535153315
						],
						[
							0.065728499774245275,
							0.00088016286974392205,
							0.99783715586800525
						]
					]
				},
				"Reprojection": [
					[
						1,
						0,
						0,
						0
					],
					[
						0,
						1,
						0,
						0
					],
					[
						0,
						0,
						0,
						0.0098904973412229247
					],
					[
						-115.33532536063308,
						-394.56512026860639,
						967.59025686735504,
						1.7472966090675965
					]
				],
				"Right": {
					"Camera": [
						[
							967.59025686735504,
							0,
							0
						],
						[
							0,
							967.59025686735504,
							0
						],
						[
							291.99950601664341,
							394.56512026860639,
							1
						]
					],
					"Rotation": [
						[
							0.99765741170952649,
							-0.0068634552885706258,
							0.068063072532395644
						],
						[
							0.0068316820120508017,
							0.99997641907957369,
							0.00069957535622302582
						],
						[
							-0.068066269046676689,
							-0.00023295127088075797,
							0.9976807749735237
						]
					]
				}
			}
		},
		"Monocular": {
			"Left": {
				"Camera": [
					[
						1155.4430473528644,
						0,
						0
					],
					[
						0,
						1155.304417046915,
						0
					],
					[
						649.45314427906976,
						507.44364539867041,
						1
					]
				],
				"Distortion": [
					-0.55456680222751986,
					0.3184585682413465,
					-0.0007231123954407918,
					-0.00056784879043444893,
					-0.10802158178099489
				]
			},
			"Right": {
				"Camera": [
					[
						1156.4202517693918,
						0,
						0
					],
					[
						0,
						1156.4838461889535,
						0
					],
					[
						637.49313117174756,
						515.18670953847368,
						1
					]
				],
				"Distortion": [
					-0.54769640860273516,
					0.30501543742980902,
					0.00040620786061733457,
					0.0010172472078506061,
					-0.096721667372314843
				]
			}
		},
		"Stereo": {
			"Angle": {
				"Epipolar": -0.001204563817591688,
				"OpticalAxis": 0.0096035683777329385,
				"Vergence": 0.13389607963489381
			},
			"Baseline": 101.10715017657076,
			"Left": {
				"Camera": [
					[
						1029.3513370929309,
						0,
						0
					],
					[
						0,
						1029.3513370929309,
						0
					],
					[
						555.67587804322659,
						512.30331943468764,
						1
					]
				],
				"Rotation": [
					[
						0.99783369813232914,
						0.0027248348500406162,
						-0.065730405039067186
					],
					[
						-0.0027704131437143527,
						0.99999598103063214,
						-0.00060227368917860607
					],
					[
						0.065728499774245275,
						0.0007830693606227894,
						0.99783723678754521
					]
				]
			},
			"Rectification": true,
			"Reprojection": [
				[
					1,
					0,
					0,
					0
				],
				[
					0,
					1,
					0,
					0
				],
				[
					0,
					0,
					0,
					0.0098904973412229247
				],
				[
					-555.67587804322659,
					-512.30331943468764,
					1029.3513370929309,
					1.8588261798591454
				]
			],
			"Right": {
				"Camera": [
					[
						1029.3513370929309,
						0,
						0
					],
					[
						0,
						1029.3513370929309,
						0
					],
					[
						743.61649576238653,
						512.30331943468764,
						1
					]
				],
				"Rotation": [
					[
						0.99765741170952649,
						-0.0068568324497107948,
						0.068063740051549845
					],
					[
						0.0068316820120508017,
						0.99997648241710646,
						0.00060227368917857679
					],
					[
						-0.068066269046676689,
						-0.00013587298130357224,
						0.99768079291755352
					]
				]
			}
		}
	},
	"EepromId": 1,
	"Images": {
		"DisparityMap": 13129861885.123652,
		"PointMap": null,
		"Raw": {
			"Left": 13129861884.861,
			"Right": 13129861884.861
		},
		"Rectified": {
			"Left": 13129861885.067667,
			"Right": 13129861885.067667
		},
		"WithOverlay": {
			"Left": null,
			"Right": null
		}
	},
	"Link": {
		"Rotation": {
			"Angle": 0,
			"Axis": [
				0,
				0,
				0
			]
		},
		"Target": "",
		"Translation": [
			0,
			0,
			0
		]
	},
	"ModelName": "N35-604-16-IR",
	"Parameters": {
		"Capture": {
			"AbsoluteBlackLevelOffset": 0,
			"AutoBlackLevel": false,
			"AutoExposure": true,
			"AutoGain": true,
			"Binning": 1,
			"BlackLevelOffset": 1,
			"Exposure": 1.2058911381016644,
			"FlashDelay": -0.050000000000000003,
			"FlexView": false,
			"FrontLight": false,
			"Gain": 1,
			"GainBoost": false,
			"HardwareGamma": true,
			"Hdr": false,
			"MaxFlashTime": 10,
			"MaxGain": 4,
			"PixelClock": 24,
			"Projector": true,
			"TargetBrightness": 80,
			"TriggerMode": "Software",
			"Triggered": true,
			"UseDisparityMapAreaOfInterest": true
		},
		"DisparityMap": {
			"AreaOfInterest": {
				"LeftTop": [
					504,
					93
				],
				"RightBottom": [
					1005,
					743
				]
			},
			"MeasurementVolume": {
				"Far": {
					"DisparityStep": 7.2498477945024629,
					"LeftBottom": [
						-42.940552949093792,
						188.38090851130033,
						842.1726289291621
					],
					"LeftTop": [
						-42.940552949093792,
						-343.42216890048377,
						842.1726289291621
					],
					"PixelSize": 0.87038146875905753,
					"RightBottom": [
						367.87950030518135,
						188.38090851130033,
						842.1726289291621
					],
					"RightTop": [
						367.87950030518135,
						-343.42216890048377,
						842.1726289291621
					]
				},
				"Near": {
					"DisparityStep": 1.6682208503484788,
					"LeftBottom": [
						-20.59823272267127,
						90.364784045145782,
						403.98333537791223
					],
					"LeftTop": [
						-20.59823272267127,
						-164.73681104020272,
						403.98333537791223
					],
					"PixelSize": 0.41751488557340177,
					"RightBottom": [
						176.46879326797438,
						90.364784045145782,
						403.98333537791223
					],
					"RightTop": [
						176.46879326797438,
						-164.73681104020272,
						403.98333537791223
					]
				}
			},
			"PostProcessing": {
				"Filling": {
					"BorderSpread": 4,
					"RegionSize": 150
				},
				"MedianFilterRadius": 1,
				"SpeckleRemoval": {
					"ComponentThreshold": 4,
					"RegionSize": 150
				},
				"UniquenessOffset": 16,
				"UniquenessRatio": 42
			},
			"Scaling": 0.94000000000000006,
			"StereoMatching": {
				"CostScale": -3,
				"DepthChangeCost": 11,
				"DepthStepCost": 66,
				"MinimumDisparity": -64,
				"NumberOfDisparities": 128,
				"OptimizationProfile": "AlignedAndDiagonal",
				"PropagationDecay": 3,
				"ScaledMinimumDisparity": -61,
				"ScaledNumberOfDisparities": 128,
				"ShadowingThreshold": 1
			},
			"ValidRegion": {
				"LeftTop": [
					66,
					0
				],
				"RightBottom": [
					538,
					611
				]
			}
		},
		"IO": {
			"Input": false,
			"Output": 1.2058911381016644
		},
		"Overlay": {
			"Text": {
				"Angle": 0,
				"Color": [
					255,
					0,
					0
				],
				"Mirror": {
					"Horizontal": false,
					"Vertical": false
				}
			}
		}
	},
	"Port": {
		"Bandwidth": 100,
		"Type": "Ethernet"
	},
	"Sensor": {
		"Left": {
			"SerialNumber": "161019"
		},
		"Right": {
			"SerialNumber": ""
		},